RegulatoryOperators;IN CONFORMITY WITH;11
RegulatoryOperators;COMPLYING WITH;4
RegulatoryOperators;COMPLIES WITH;7
RegulatoryOperators;TAKE EFFECT;1
Operators;FOR THE PURPOSE OF;37
Operators;IN THE FIRST PLACE;1
Operators;ON THE OTHER HAND;1
Operators;AS A RESULT OF;1
Operators;IN THE CASE OF;2
Operators;IN ACCORDANCE WITH;60
Operators;FOR THIS REASON;2
Operators;WITH RESPECT TO;2
Operators;IN ADDITION TO;4
Operators;WITH REGARD TO;22
Operators;BY VIRTUE OF;4
Operators;IN ANY EVENT;3
Operators;AS A RESULT;3
Operators;IN ORDER TO;43
Operators;AS LONG AS;1
Operators;AS WELL AS;23
Operators;IN VIEW OF;5
Operators;SO AS TO;2
Operators;APPLICABLE TO;16
Operators;IN PARTICULAR;56
Operators;PROVIDED THAT;4
Operators;REGARDLESS OF;3
Operators;TOGETHER WITH;2
Operators;FOR INSTANCE;3
Operators;FOR EXAMPLE;10
Operators;IN CONTRAST;1
Operators;RELATING TO;10
Operators;GIVEN THAT;1
Operators;SUBJECT TO;35
Operators;NOT LATER;1
Operators;AT LEAST;6
Operators;BUT ALSO;4
Operators;NOT ONLY;3
Operators;IN CASE;4
Operators;IN THAT;9
Operators;ONLY IF;4
Operators;SO THAT;4
Operators;SUCH AS;35
Operators;THAT IS;26
Operators;AS FOR;2
Operators;DUE TO;11
Operators;IN ALL;2
Operands;SMALL AND MEDIUM ENTERPRISES SMES;1
Operands;INTERNAL GOVERNANCE ARRANGEMENTS;4
Operands;EXCHANGE OF INFORMATION;2
Operands;CONFLICTS OF INTEREST;1
Operands;AND RISK MANAGEMENT;2
Operands;LEVEL PLAYING FIELD;3
Operands;BENEFITS AND RISKS;1
Operands;ECONOMIES OF SCALE;2
Operands;EUROPEAN UNION EU;1
Operands;INTELLECTUAL PROPERTY;3
Operands;MARKET FRAGMENTATION;2
Operands;REGULATORY OVERSIGHT;2
Operands;COMPETENT AUTHORITY;12
Operands;CONSUMER PROTECTION;5
Operands;EUROPEAN COMMISSION;5
Operands;FINANCIAL STATEMENT;4
Operands;INTERESTED PARTIES;2
Operands;RISKBASED APPROACH;9
Operands;AVOID DUPLICATION;2
Operands;ECONOMIC BENEFITS;1
Operands;INTERPLAY BETWEEN;1
Operands;INVESTMENT FIRMS;2
Operands;LEGAL FRAMEWORKS;2
Operands;INTERNAL MARKET;19
Operands;RESPONSIBLE FOR;10
Operands;RISK MANAGEMENT;17
Operands;AND REGULATION;8
Operands;AND TECHNOLOGY;1
Operands;CREDIT SCORING;1
Operands;CUSTOMS DUTIES;1
Operands;EUROPEAN UNION;18
Operands;FEEDBACK LOOPS;1
Operands;LESSONS LEARNT;1
Operands;UNITED KINGDOM;1
Operands;EU REGULATION;1
Operands;REGULATION OF;5
Operands;THIRD PARTIES;10
Operands;CENTRAL BANK;1
Operands;OBSTACLES TO;2
Operands;REASONS FOR;4
Operands;CONDUCT OF;2
Operands;GOOD FAITH;1
Operands;CARRY OUT;8
Operands;SECTION A;6
Operands;SECTION C;1
Operands;SECTION I;1
Operands;AND RISK;2
Operands;KEY ROLE;2
Operands;RULES OF;8
Operands;ROLE OF;1
RegulatoryOperators;RECOMMENDATIONS;11
RegulatoryOperators;ESTABLISHMENT;5
RegulatoryOperators;ESTABLISHING;7
RegulatoryOperators;IMPLEMENTING;20
RegulatoryOperators;PROHIBITIONS;2
RegulatoryOperators;RESTRICTIONS;11
RegulatoryOperators;ESTABLISHED;57
RegulatoryOperators;ESTABLISHES;3
RegulatoryOperators;IMPLEMENTED;7
RegulatoryOperators;LIMITATIONS;6
RegulatoryOperators;PROHIBITION;4
RegulatoryOperators;RESTRICTION;3
RegulatoryOperators;SUITABILITY;1
RegulatoryOperators;AUTHORISED;19
RegulatoryOperators;AUTHORIZED;1
RegulatoryOperators;CONFERRING;1
RegulatoryOperators;DESIGNATED;13
RegulatoryOperators;DETERMINED;10
RegulatoryOperators;LIMITATION;1
RegulatoryOperators;PRESCRIBED;1
RegulatoryOperators;PREVENTING;5
RegulatoryOperators;APPROVALS;3
RegulatoryOperators;DETERMINE;3
RegulatoryOperators;ESTABLISH;15
RegulatoryOperators;EXCEPTION;7
RegulatoryOperators;MANDATORY;11
RegulatoryOperators;PERMITTED;2
RegulatoryOperators;PRESCRIBE;2
RegulatoryOperators;PROHIBITS;1
RegulatoryOperators;REGULATED;22
RegulatoryOperators;REPEALING;17
RegulatoryOperators;REQUESTED;4
RegulatoryOperators;REQUIRING;2
RegulatoryOperators;SATISFIED;2
RegulatoryOperators;SPECIFIED;8
RegulatoryOperators;SUPERVISE;6
RegulatoryOperators;ALLOWING;1
RegulatoryOperators;APPROVAL;6
RegulatoryOperators;ASSIGNED;8
RegulatoryOperators;DIRECTED;1
RegulatoryOperators;ENABLING;2
RegulatoryOperators;ENSURING;24
RegulatoryOperators;EVALUATE;10
RegulatoryOperators;GRANTING;1
RegulatoryOperators;MITIGATE;10
RegulatoryOperators;PRESUMED;5
RegulatoryOperators;PROHIBIT;16
RegulatoryOperators;REQUIRED;25
RegulatoryOperators;REQUIRES;9
RegulatoryOperators;RESTRICT;9
RegulatoryOperators;SUITABLE;5
RegulatoryOperators;UNLAWFUL;2
RegulatoryOperators;ALLOWED;1
RegulatoryOperators;AMENDED;2
RegulatoryOperators;APPROVE;1
RegulatoryOperators;CONFORM;153
RegulatoryOperators;DECLARE;1
RegulatoryOperators;ENFORCE;71
RegulatoryOperators;LIMITED;17
RegulatoryOperators;MANDATE;9
RegulatoryOperators;PERMITS;1
RegulatoryOperators;PREVENT;30
RegulatoryOperators;REQUIRE;201
RegulatoryOperators;ALLOWS;2
RegulatoryOperators;CANNOT;10
RegulatoryOperators;COMPLY;19
RegulatoryOperators;DEEMED;4
RegulatoryOperators;ENSURE;119
RegulatoryOperators;EXEMPT;1
RegulatoryOperators;IMPOSE;11
RegulatoryOperators;LIMITS;4
RegulatoryOperators;SHOULD;170
RegulatoryOperators;ALLOW;3
RegulatoryOperators;LIMIT;1
RegulatoryOperators;SHALL;421
RegulatoryOperators;ADD;71
Operators;NOTWITHSTANDING;1
Operators;PROPORTIONALITY;5
Operators;IDENTIFICATION;58
Operators;IMPLEMENTATION;42
Operators;RECOMMENDATION;2
Operators;APPROPRIATELY;3
Operators;CIRCUMSTANCES;16
Operators;CORRESPONDING;3
Operators;DEMONSTRATING;2
Operators;DETERMINATION;1
Operators;EXPEDITIOUSLY;1
Operators;SIGNIFICANTLY;2
Operators;SPECIFICITIES;3
Operators;STRENGTHENING;2
Operators;SUBSTANTIALLY;2
Operators;CIRCUMSTANCE;2
Operators;CONSEQUENTLY;2
Operators;CONTRIBUTING;1
Operators;FACILITATING;2
Operators;IRRESPECTIVE;8
Operators;NEVERTHELESS;1
Operators;PARTICULARLY;7
Operators;RELATIONSHIP;3
Operators;RESPECTIVELY;1
Operators;SPECIFICALLY;7
Operators;SUFFICIENTLY;4
Operators;UNACCEPTABLE;3
Operators;ACCORDINGLY;6
Operators;ACCUMULATED;1
Operators;AGGREGATION;2
Operators;ALTERNATIVE;1
Operators;APPROXIMATE;3
Operators;ASSUMPTIONS;1
Operators;ATTRIBUTION;1
Operators;BENCHMARKED;1
Operators;CALCULATING;1
Operators;CLASSIFYING;1
Operators;COMBINATION;2
Operators;CONSEQUENCE;7
Operators;CONSTITUTES;2
Operators;DEFINITIONS;4
Operators;DETERMINING;2
Operators;DIFFERENCES;1
Operators;DISTINCTION;1
Operators;DUPLICATION;1
Operators;EFFECTIVELY;9
Operators;ELIMINATING;1
Operators;ELIMINATION;1
Operators;EXCLUSIVELY;2
Operators;FUNCTIONING;30
Operators;FURTHERMORE;7
Operators;IDENTIFYING;5
Operators;IMMEDIATELY;8
Operators;INDICATIONS;2
Operators;NECESSARILY;3
Operators;NONETHELESS;2
Operators;OBLIGATIONS;86
Operators;POTENTIALLY;8
Operators;REGULATIONS;5
Operators;REPRESENTED;3
Operators;SUPERVISION;19
Operators;SUPERVISORY;19
Operators;TECHNICALLY;1
Operators;ADEQUATELY;1
Operators;ALLOCATION;10
Operators;ASSESSMENT;152
Operators;ASSOCIATED;8
Operators;ATTRIBUTED;1
Operators;CALCULATED;3
Operators;CASEBYCASE;2
Operators;COMMENCING;1
Operators;COMPLEMENT;12
Operators;CONCERNING;26
Operators;CONDITIONS;28
Operators;CONNECTION;2
Operators;CONSTITUTE;7
Operators;DEFINITION;8
Operators;DEPENDENCE;2
Operators;DIFFERENCE;1
Operators;ELIMINATED;1
Operators;EQUIVALENT;8
Operators;ESPECIALLY;4
Operators;EVALUATING;1
Operators;FACILITATE;30
Operators;FULFILLING;2
Operators;IDENTIFIED;17
Operators;IDENTIFIES;1
Operators;INCREASING;6
Operators;INDICATORS;4
Operators;INDIRECTLY;2
Operators;INTEGRATED;5
Operators;MATERIALLY;4
Operators;MINIMISING;2
Operators;ORIGINALLY;2
Operators;PERFORMING;1
Operators;PHYSICALLY;1
Operators;PRESERVING;2
Operators;PREVIOUSLY;1
Operators;PROCESSING;28
Operators;PROPORTION;29
Operators;REASONABLY;9
Operators;REFERENCES;3
Operators;REGULATION;350
Operators;REGULATORY;47
Operators;RESPECTIVE;3
Operators;SPECIFYING;2
Operators;THRESHOLDS;1
Operators;UNDERLYING;2
Operators;UNDERSTOOD;7
Operators;ACCORDING;4
Operators;ALLOCATED;1
Operators;ANALYSING;1
Operators;ASSESSING;4
Operators;COMPRISES;2
Operators;COMPUTING;2
Operators;CONCERNED;48
Operators;CONCLUDED;4
Operators;CONFERRED;3
Operators;CONFIRMED;1
Operators;CONTAINED;5
Operators;COOPERATE;7
Operators;CORRECTLY;2
Operators;DEDICATED;2
Operators;DEDUCTION;1
Operators;DEPENDING;6
Operators;DIFFERENT;22
Operators;DIFFERING;1
Operators;ESTIMATED;17
Operators;ESTIMATES;1
Operators;EXCEEDING;1
Operators;EXCLUSION;2
Operators;EXCLUSIVE;2
Operators;HEREAFTER;2
Operators;IMPLEMENT;4
Operators;INCLUDING;91
Operators;INCLUSIVE;3
Operators;INDICATOR;2
Operators;INITIALLY;1
Operators;INTEGRATE;1
Operators;INVOLVING;4
Operators;OTHERWISE;23
Operators;PARTIALLY;2
Operators;RECEIVING;2
Operators;RECOMMEND;1
Operators;REFLECTED;2
Operators;REFUNDING;1
Operators;REGARDING;19
Operators;REGULARLY;2
Operators;REPORTING;8
Operators;REPRESENT;23
Operators;RESULTING;11
Operators;SELECTION;2
Operators;SIMILARLY;1
Operators;THEREFORE;27
Operators;THRESHOLD;1
Operators;TREATMENT;5
Operators;TYPICALLY;1
Operators;ABSOLUTE;2
Operators;ACCEPTED;1
Operators;ACQUIRED;1
Operators;ADJUSTED;1
Operators;ADOPTING;15
Operators;ADOPTION;8
Operators;ALTHOUGH;1
Operators;AMENDING;13
Operators;APPLYING;5
Operators;ASSESSED;6
Operators;COMBINED;2
Operators;COMMENCE;1
Operators;COMPRISE;1
Operators;CONCERNS;6
Operators;CONTAINS;7
Operators;CONTINUE;9
Operators;CONTRARY;2
Operators;DECREASE;1
Operators;DIRECTLY;9
Operators;DIVISION;1
Operators;EMERGING;7
Operators;EQUALITY;5
Operators;ESTIMATE;2
Operators;EVOLVING;2
Operators;EXCLUDED;1
Operators;EXISTING;44
Operators;IDENTIFY;3
Operators;INCLUDED;1
Operators;INCLUDES;5
Operators;INCREASE;6
Operators;INDICATE;12
Operators;INTENDED;82
Operators;INVOLVED;14
Operators;INVOLVES;2
Operators;MAINTAIN;8
Operators;MANAGING;2
Operators;MINIMISE;8
Operators;MOREOVER;6
Operators;MOVEMENT;9
Operators;MULTIPLE;2
Operators;NEGATIVE;5
Operators;NORMALLY;2
Operators;OCCURRED;2
Operators;OPERATES;3
Operators;OUTWEIGH;1
Operators;OVERLAPS;1
Operators;POSITIVE;3
Operators;PREVIOUS;1
Operators;PROMPTLY;1
Operators;PROPERLY;7
Operators;PROVIDED;20
Operators;PROVIDES;6
Operators;REDUCING;3
Operators;REFERRED;132
Operators;REFLECTS;1
Operators;RELATION;30
Operators;REPLACED;1
Operators;REQUESTS;2
Operators;RESEMBLE;3
Operators;RESIDUAL;3
Operators;SEPARATE;4
Operators;SPECIFIC;108
Operators;STRICTLY;4
Operators;TOGETHER;3
Operators;VERIFIED;1
Operators;ADOPTED;15
Operators;APPLIED;11
Operators;APPLIES;3
Operators;ARISING;1
Operators;ASSUMED;1
Operators;AVERAGE;2
Operators;BALANCE;4
Operators;BECAUSE;3
Operators;BESIDES;1
Operators;BINDING;3
Operators;CLEARLY;4
Operators;CLOSELY;2
Operators;COLLECT;19
Operators;CONCERN;4
Operators;CONFIRM;2
Operators;CONNECT;2
Operators;CONSIST;27
Operators;COVERED;21
Operators;DEFINED;21
Operators;DEFINES;3
Operators;DELIVER;3
Operators;DERIVED;1
Operators;EXPLAIN;8
Operators;FACTORS;3
Operators;FURTHER;15
Operators;GRANTED;5
Operators;GREATER;4
Operators;HOWEVER;15
Operators;IMPROVE;4
Operators;INCLUDE;15
Operators;INVOLVE;14
Operators;KEEPING;6
Operators;LEADING;2
Operators;MAXIMUM;2
Operators;MINIMAL;3
Operators;MINIMUM;11
Operators;NOTABLY;13
Operators;OVERALL;7
Operators;PERFORM;46
Operators;POOLING;1
Operators;PROVIDE;210
Operators;QUALIFY;3
Operators;RECEIVE;6
Operators;REDUCED;1
Operators;REGARDS;28
Operators;REQUEST;34
Operators;RESPECT;36
Operators;RESULTS;17
Operators;REVERSE;1
Operators;SATISFY;1
Operators;SETTING;19
Operators;SHARING;4
Operators;SIMILAR;12
Operators;SMALLER;1
Operators;SPECIFY;10
Operators;SUBJECT;7
Operators;TESTING;37
Operators;THEREIN;4
Operators;TREATED;2
Operators;WHEREAS;2
Operators;WHEREBY;4
Operators;AGREED;1
Operators;AND/OR;9
Operators;ASSESS;6
Operators;ASSUME;1
Operators;BEFORE;25
Operators;DEFINE;4
Operators;DENIED;1
Operators;DEPEND;15
Operators;EASILY;4
Operators;EITHER;11
Operators;ENGAGE;1
Operators;ENTAIL;3
Operators;ENTIRE;6
Operators;EXCEED;1
Operators;EXISTS;1
Operators;FACTOR;1
Operators;FULFIL;17
Operators;HEREIN;1
Operators;INDEED;1
Operators;INFORM;119
Operators;LIKELY;15
Operators;MAINLY;2
Operators;NEEDED;8
Operators;NOTIFY;39
Operators;OBTAIN;12
Operators;OTHERS;4
Operators;RAISED;8
Operators;RATHER;1
Operators;REDUCE;4
Operators;REGARD;13
Operators;RELATE;51
Operators;REMAIN;4
Operators;RENDER;2
Operators;RESULT;10
Operators;RETURN;2
Operators;SECOND;5
Operators;SINGLE;19
Operators;SOLELY;2
Operators;STARTS;1
Operators;SUBMIT;7
Operators;TESTED;4
Operators;TIMELY;3
Operators;TRYING;1
Operators;UNIQUE;1
Operators;UNLESS;13
Operators;VERIFY;6
Operators;YEARLY;2
Operators;ADOPT;19
Operators;AFTER;28
Operators;ALIKE;1
Operators;APPLY;53
Operators;AVOID;8
Operators;CASES;3
Operators;COVER;13
Operators;EQUAL;1
Operators;EXIST;4
Operators;FALLS;1
Operators;FIRST;10
Operators;FULLY;12
Operators;INFRA;9
Operators;LAPSE;1
Operators;LOWER;2
Operators;MEANS;55
Operators;NEEDS;7
Operators;RATIO;119
Operators;REFER;10
Operators;SEEKS;1
Operators;SINCE;8
Operators;STILL;1
Operators;TESTS;1
Operators;TOTAL;35
Operators;TREAT;4
Operators;USING;9
Operators;WHILE;15
Operators;WHOLE;7
Operators;ALSO;79
Operators;CASE;9
Operators;EVEN;16
Operators;FALL;16
Operators;GAPS;3
Operators;KEPT;9
Operators;LACK;4
Operators;LAID;30
Operators;LIKE;1
Operators;MEAN;30
Operators;MEET;26
Operators;NEED;11
Operators;NEXT;2
Operators;ONLY;30
Operators;POST;36
Operators;RELY;3
Operators;RULE;76
Operators;SAME;17
Operators;SEEK;1
Operators;SEEM;1
Operators;SETS;34
Operators;STOP;2
Operators;TEST;3
Operators;THEN;9
Operators;THUS;9
Operators;WERE;22
Operators;AND;1683
Operators;BUT;43
Operators;CAP;18
Operators;ETC;1
Operators;FOR;584
Operators;HOW;12
Operators;LAY;45
Operators;MAY;97
Operators;NET;5
Operators;NOR;7
Operators;NOT;256
Operators;PAR;337
Operators;PRE;115
Operators;SET;115
Operators;SUM;14
Operators;TOO;14
Operators;WAS;11
Operators;YET;1
Operators;AS;670
Operators;EG;321
Operators;EX;356
Operators;IE;787
Operators;IF;413
Operators;OR;1583
Operators;SO;346
Operators;&;2
Operators;/;397
Operators;+;17
Operators;=;14
Operands;CHARACTERISTICS;15
Operands;CONFIDENTIALITY;11
Operands;NONGOVERNMENTAL;2
Operands;ACCOUNTABILITY;3
Operands;ADMINISTRATIVE;50
Operands;APPROPRIATIONS;40
Operands;COMMUNICATIONS;2
Operands;INVESTIGATIONS;2
Operands;RESPONSIBILITY;10
Operands;SUBCONTRACTING;2
Operands;ACCESSIBILITY;3
Operands;COMMUNICATION;14
Operands;COMPATIBILITY;5
Operands;CONSULTATIONS;4
Operands;CYBERSECURITY;15
Operands;DISADVANTAGES;1
Operands;DOCUMENTATION;65
Operands;EFFECTIVENESS;6
Operands;HARMONISATION;21
Operands;INSTITUTIONAL;2
Operands;INTERNATIONAL;13
Operands;INVESTIGATION;8
Operands;MANUFACTURERS;1
Operands;MANUFACTURING;1
Operands;NONCOMPLIANCE;17
Operands;TECHNOLOGICAL;11
Operands;APPLICATIONS;11
Operands;ARRANGEMENTS;4
Operands;AVAILABILITY;10
Operands;COMMENSURATE;2
Operands;COMMISSION’S;5
Operands;COMMUNICATED;2
Operands;CONFIDENTIAL;6
Operands;CONSIDERABLE;1
Operands;CONSULTATION;12
Operands;CYBERATTACKS;1
Operands;DEMONSTRATED;2
Operands;DEVELOPMENTS;6
Operands;GEOGRAPHICAL;4
Operands;IMPLICATIONS;5
Operands;INSTITUTIONS;36
Operands;INSTRUCTIONS;11
Operands;INTELLIGENCE;113
Operands;INTERACTIONS;1
Operands;INTERMEDIARY;3
Operands;INTERVENTION;7
Operands;JURISDICTION;1
Operands;MANIPULATION;1
Operands;MANUFACTURED;1
Operands;MULTILATERAL;1
Operands;OBJECTIVES…’;1
Operands;PROFESSIONAL;7
Operands;REDEPLOYMENT;3
Operands;REPUTATIONAL;1
Operands;STAKEHOLDERS;18
Operands;TRANSITIONAL;1
Operands;UNDERTAKINGS;1
Operands;ACCOMMODATE;1
Operands;ACCOUNTABLE;1
Operands;ACKNOWLEDGE;2
Operands;ACQUISITION;2
Operands;ANTICIPATED;1
Operands;APPLICATION;45
Operands;APPROPRIATE;99
Operands;ARRANGEMENT;4
Operands;CENTRALISED;1
Operands;COMMITMENTS;11
Operands;COMPETITION;3
Operands;COMPETITIVE;6
Operands;COMPOSITION;1
Operands;CONCLUSIONS;7
Operands;CONSTRAINTS;3
Operands;CONTRACTUAL;7
Operands;DEMONSTRATE;7
Operands;DESCRIPTION;3
Operands;DESIGNATION;9
Operands;DEVELOPMENT;53
Operands;DISRUPTIONS;1
Operands;DIVERGENCES;1
Operands;ENTERPRISES;3
Operands;ENVIRONMENT;22
Operands;FUNDAMENTAL;83
Operands;GOVERNMENTS;1
Operands;HIGHLIGHTED;2
Operands;INEFFECTIVE;2
Operands;INITIATIVES;6
Operands;INSPECTIONS;1
Operands;INSTITUTION;3
Operands;INSTRUMENTS;5
Operands;INTERACTION;2
Operands;INTRODUCING;2
Operands;MAINTENANCE;2
Operands;MANUFACTURE;6
Operands;METHODOLOGY;5
Operands;MULTIANNUAL;19
Operands;POSSIBILITY;8
Operands;PROCEEDINGS;6
Operands;PROGRESSIVE;1
Operands;PUBLICATION;4
Operands;RECOGNITION;5
Operands;RELIABILITY;2
Operands;RESPONSIBLE;7
Operands;STATISTICAL;2
Operands;SUBMISSIONS;1
Operands;SUBSTANTIAL;14
Operands;TERMINATION;2
Operands;TRADITIONAL;1
Operands;TRANSACTION;1
Operands;TRANSFERRED;2
Operands;UNCERTAINTY;1
Operands;UNDERTAKING;2
Operands;UNDESIRABLE;1
Operands;WITHDRAWALS;1
Operands;ACCEPTABLE;2
Operands;ADVANTAGES;2
Operands;AGREEMENTS;3
Operands;AMENDMENTS;4
Operands;APPROACHES;8
Operands;AUTONOMOUS;3
Operands;BUSINESSES;5
Operands;CHALLENGES;3
Operands;COFINANCED;1
Operands;COMMERCIAL;5
Operands;COMMISSION;154
Operands;COMMITMENT;4
Operands;COMPLETION;1
Operands;COMPLIANCE;71
Operands;COMPONENTS;30
Operands;CONCLUSION;3
Operands;CONFIDENCE;2
Operands;CONTINUOUS;2
Operands;CONTRACTED;1
Operands;CONTROLLED;3
Operands;CONVENTION;1
Operands;DEPLOYMENT;2
Operands;DEVELOPING;4
Operands;DIRECTIVES;6
Operands;DISCLOSING;1
Operands;DISCLOSURE;5
Operands;DISCRETION;2
Operands;DISCUSSION;1
Operands;DISRUPTION;3
Operands;DOCUMENTED;6
Operands;ELECTRONIC;5
Operands;ENTERPRISE;1
Operands;EVALUATION;25
Operands;FUNCTIONAL;11
Operands;GEOGRAPHIC;1
Operands;GOVERNANCE;24
Operands;GUARANTEES;2
Operands;GUIDELINES;9
Operands;HARMONISED;35
Operands;IMPOSSIBLE;1
Operands;INCOMPLETE;1
Operands;INDIVIDUAL;24
Operands;INDUSTRIAL;4
Operands;INITIATIVE;31
Operands;INNOVATION;16
Operands;INNOVATIVE;11
Operands;INSPECTION;1
Operands;INSTRUMENT;8
Operands;INTERESTED;4
Operands;INTRODUCED;2
Operands;INVESTMENT;6
Operands;MANAGEMENT;46
Operands;MECHANISMS;14
Operands;OBJECTIVES;31
Operands;OBLIGATION;12
Operands;OCCURRENCE;5
Operands;PRINCIPLES;15
Operands;PROCEDURES;41
Operands;PROTECTION;80
Operands;PROTECTIVE;1
Operands;PROVISIONS;24
Operands;PRUDENTIAL;3
Operands;RECOGNISED;5
Operands;SITUATIONS;13
Operands;STATEMENTS;1
Operands;STRUCTURES;1
Operands;SUBSEQUENT;2
Operands;SUBSIDIARY;4
Operands;SUPPLEMENT;3
Operands;TECHNIQUES;14
Operands;TECHNOLOGY;12
Operands;UNDERTAKEN;3
Operands;UNILATERAL;1
Operands;WITHDRAWAL;5
Operands;AGREEMENT;5
Operands;AMOUNTING;1
Operands;ANCILLARY;1
Operands;APPLICANT;1
Operands;APPOINTED;1
Operands;ATTENTION;1
Operands;AVAILABLE;38
Operands;AWARENESS;2
Operands;BEHAVIOUR;23
Operands;BUDGETARY;4
Operands;BUILDINGS;1
Operands;CERTAINTY;16
Operands;CHALLENGE;1
Operands;COMMITTEE;9
Operands;COMMUNITY;1
Operands;COMPETENT;75
Operands;COMPLETED;1
Operands;COMPONENT;9
Operands;CONDUCTED;5
Operands;CONSULTED;3
Operands;CONTRACTS;4
Operands;COPYRIGHT;1
Operands;CUSTOMERS;2
Operands;DECISIONS;16
Operands;DESCRIBED;4
Operands;DETECTION;12
Operands;DETRIMENT;4
Operands;DEVELOPED;26
Operands;DIMENSION;1
Operands;DIRECTIVE;78
Operands;DISCLOSED;3
Operands;DISCUSSED;1
Operands;DIVERGENT;2
Operands;DIVERSITY;3
Operands;DOCUMENTS;7
Operands;EFFECTIVE;35
Operands;EMERGENCY;1
Operands;EMPLOYEES;1
Operands;ENCOURAGE;7
Operands;ENTRUSTED;6
Operands;ENVISAGED;3
Operands;ESSENTIAL;9
Operands;FINANCIAL;53
Operands;FINANCING;5
Operands;FREQUENCY;2
Operands;FUNCTIONS;5
Operands;GENERATED;17
Operands;GENERATES;1
Operands;GUARANTEE;7
Operands;IMPROVING;4
Operands;INABILITY;3
Operands;INCIDENTS;10
Operands;INFLUENCE;1
Operands;INSURANCE;1
Operands;INTENSITY;2
Operands;INTENTION;3
Operands;INTERESTS;13
Operands;INTRODUCE;3
Operands;KNOWLEDGE;8
Operands;LIABILITY;10
Operands;MALICIOUS;2
Operands;MARKETING;10
Operands;MECHANISM;8
Operands;NECESSARY;76
Operands;OBJECTIVE;27
Operands;OFFICIALS;2
Operands;OPERATING;2
Operands;OVERSIGHT;19
Operands;PERMANENT;2
Operands;POLITICAL;8
Operands;POSITIONS;1
Operands;POTENTIAL;10
Operands;PRACTICAL;2
Operands;PRACTICES;23
Operands;PRINCIPLE;9
Operands;PROCEDURE;43
Operands;PROCESSED;5
Operands;PROCESSES;7
Operands;PROGRAMME;11
Operands;PROPOSALS;1
Operands;PROTECTED;6
Operands;PROVIDING;20
Operands;PROVISION;14
Operands;PUBLISHED;6
Operands;QUESTIONS;2
Operands;RELEVANCE;4
Operands;RESIDENCE;1
Operands;SITUATION;9
Operands;STATEMENT;2
Operands;STRUCTURE;20
Operands;SYNTHETIC;1
Operands;TECHNICAL;66
Operands;TRADEMARK;3
Operands;TRANSLATE;1
Operands;UNDERTAKE;1
Operands;VOLUNTARY;6
Operands;ACCURACY;16
Operands;ACCURATE;1
Operands;ACTIVITY;10
Operands;ADEQUACY;1
Operands;ADEQUATE;12
Operands;AFFECTED;7
Operands;ANALYSIS;8
Operands;APPROACH;17
Operands;ARGUMENT;1
Operands;ARTICLES;13
Operands;BENEFITS;8
Operands;BREACHES;1
Operands;BUSINESS;13
Operands;CALENDAR;2
Operands;CARRYING;12
Operands;CITIZENS;6
Operands;COHERENT;4
Operands;COMMENTS;6
Operands;COMPLETE;4
Operands;CONFLICT;2
Operands;CONSTANT;1
Operands;CONTRACT;5
Operands;CONTROLS;4
Operands;CREATING;3
Operands;CREATION;4
Operands;CRIMINAL;31
Operands;CRITERIA;7
Operands;CRITICAL;4
Operands;DECEMBER;2
Operands;DECIDING;4
Operands;DECISION;22
Operands;DESIGNED;11
Operands;DETAILED;12
Operands;DEVELOPS;1
Operands;DISCLOSE;3
Operands;DISPOSAL;6
Operands;DOCUMENT;7
Operands;ECONOMIC;14
Operands;ELEMENTS;16
Operands;ENHANCED;1
Operands;ENTITLED;2
Operands;EUROPEAN;170
Operands;EVIDENCE;7
Operands;FEATURES;1
Operands;FINANCED;4
Operands;FINDINGS;3
Operands;FOLLOWED;7
Operands;FREEDOMS;8
Operands;FUNCTION;4
Operands;GENERATE;10
Operands;GOVERNED;2
Operands;GUIDANCE;11
Operands;HEADINGS;9
Operands;HIGHRISK;295
Operands;IDENTITY;1
Operands;IMPACTED;2
Operands;IMPOSING;1
Operands;INCIDENT;8
Operands;INCURRED;1
Operands;INDIRECT;5
Operands;INDUSTRY;4
Operands;INTEREST;17
Operands;INTERNAL;14
Operands;JUDICIAL;10
Operands;LANGUAGE;7
Operands;LEARNING;1
Operands;LEVERAGE;2
Operands;MATERIAL;9
Operands;MILITARY;2
Operands;NATIONAL;131
Operands;NOVEMBER;1
Operands;OBSTACLE;1
Operands;OFFERING;1
Operands;OFFICIAL;12
Operands;OPERATED;5
Operands;OUTCOMES;6
Operands;OUTLINED;1
Operands;OVERRIDE;1
Operands;OVERSEEN;1
Operands;PAYMENTS;9
Operands;PHYSICAL;13
Operands;POSITION;8
Operands;POSSIBLE;31
Operands;POSSIBLY;6
Operands;PRACTICE;1
Operands;PROBABLY;1
Operands;PROBLEMS;6
Operands;PRODUCED;5
Operands;PRODUCES;1
Operands;PRODUCTS;47
Operands;PROGRESS;5
Operands;PROPERTY;4
Operands;PROPOSAL;103
Operands;PROPOSED;11
Operands;PROTOCOL;2
Operands;PUBLICLY;22
Operands;PURPOSES;29
Operands;PURSUANT;37
Operands;QUESTION;13
Operands;RECOURSE;3
Operands;RELEVANT;100
Operands;RELIABLE;1
Operands;RESEARCH;16
Operands;RESPONSE;5
Operands;SCRUTINY;4
Operands;SECURITY;20
Operands;SERVICES;45
Operands;SEVERITY;3
Operands;TARGETED;5
Operands;TURNOVER;3
Operands;ULTIMATE;1
Operands;VARIABLE;1
Operands;VEHICLES;6
Operands;WITHDRAW;14
Operands;ABILITY;26
Operands;ABSENCE;3
Operands;ACCOUNT;59
Operands;ACTIONS;21
Operands;ADVERSE;14
Operands;AFFAIRS;1
Operands;AFFECTS;1
Operands;ALREADY;20
Operands;AMOUNTS;5
Operands;ATTEMPT;2
Operands;BECOMES;2
Operands;BENEFIT;6
Operands;BROADLY;1
Operands;BROUGHT;2
Operands;BURDENS;3
Operands;CENTRAL;1
Operands;CLAIMED;1
Operands;CLARITY;2
Operands;COMPANY;8
Operands;CONDUCT;19
Operands;CONSULT;2
Operands;CONTACT;6
Operands;CONTENT;16
Operands;CONTROL;39
Operands;COUNCIL;113
Operands;COUNTRY;7
Operands;CREATED;6
Operands;CRUCIAL;3
Operands;CULTURE;3
Operands;CURRENT;4
Operands;DAMAGES;1
Operands;DEALING;2
Operands;DECIMAL;7
Operands;DEFENCE;3
Operands;DELETED;1
Operands;DETAILS;9
Operands;DEVELOP;11
Operands;DIGITAL;38
Operands;DYNAMIC;1
Operands;ECONOMY;2
Operands;EFFECTS;7
Operands;ENHANCE;6
Operands;ENTERED;1
Operands;FAILURE;5
Operands;FIGURES;4
Operands;FINALLY;2
Operands;FINANCE;1
Operands;FREEDOM;13
Operands;FUNDING;2
Operands;GROUNDS;3
Operands;HEADING;12
Operands;HIGHEST;1
Operands;HOLDING;1
Operands;IMPACTS;8
Operands;INDEPTH;1
Operands;INITIAL;4
Operands;JUSTICE;6
Operands;LARGELY;2
Operands;LOCATED;4
Operands;LOGICAL;5
Operands;LOWRISK;1
Operands;MANAGED;6
Operands;MARGINS;1
Operands;MARKETS;1
Operands;MATTERS;7
Operands;MEMBERS;2
Operands;METHODS;1
Operands;MILLION;7
Operands;NATURAL;68
Operands;OBVIOUS;2
Operands;OCTOBER;13
Operands;ONGOING;1
Operands;OPACITY;4
Operands;OPERATE;3
Operands;OPTIONS;6
Operands;OUTCOME;5
Operands;OUTPUTS;8
Operands;OVERSEE;1
Operands;PACKAGE;1
Operands;PENSION;3
Operands;PERIODS;1
Operands;PERTAIN;1
Operands;PILLARS;1
Operands;PLANNED;3
Operands;POINTED;1
Operands;PRIMARY;1
Operands;PRIVATE;16
Operands;PROCESS;15
Operands;PRODUCE;1
Operands;PRODUCT;42
Operands;PROMOTE;6
Operands;PROTECT;15
Operands;PUBLISH;1
Operands;PURPOSE;46
Operands;PURSUED;1
Operands;QUALITY;32
Operands;REACHED;1
Operands;RECEIPT;4
Operands;REFLECT;1
Operands;RESPOND;6
Operands;REVISED;1
Operands;SECRECY;1
Operands;SECTION;1
Operands;SERVERS;1
Operands;SERVICE;75
Operands;SPECIAL;11
Operands;STARTUP;7
Operands;SYSTEMS;469
Operands;THREATS;7
Operands;TRUSTED;1
Operands;UNION’S;5
Operands;UPDATES;1
Operands;VEHICLE;1
Operands;WEBSITE;4
Operands;WELCOME;1
Operands;WRITTEN;6
Operands;ACCESS;66
Operands;ACTING;9
Operands;ACTION;29
Operands;ACTIVE;3
Operands;ACTUAL;3
Operands;ADVICE;7
Operands;AFFECT;24
Operands;AGENCY;10
Operands;AMOUNT;7
Operands;ANNUAL;13
Operands;ANSWER;1
Operands;APPEAL;2
Operands;AUDITS;2
Operands;BACKUP;1
Operands;BECOME;4
Operands;BETTER;6
Operands;BREACH;7
Operands;BUDGET;20
Operands;BUILDS;2
Operands;BURDEN;4
Operands;CALLED;5
Operands;CAUSED;3
Operands;CAUSES;3
Operands;CHARGE;5
Operands;CHECKS;4
Operands;CLAIMS;2
Operands;COMMON;30
Operands;CREATE;12
Operands;CREDIT;29
Operands;CYCLES;1
Operands;DAMAGE;1
Operands;DECIDE;8
Operands;DESIGN;24
Operands;DETAIL;2
Operands;DETECT;9
Operands;DIRECT;7
Operands;EARNED;2
Operands;EFFECT;7
Operands;ENABLE;8
Operands;ENTITY;1
Operands;EUROPE;13
Operands;FAVOUR;5
Operands;FILING;3
Operands;FOLLOW;81
Operands;FOSTER;9
Operands;FUNDED;2
Operands;FUTURE;17
Operands;GLOBAL;6
Operands;GROUPS;18
Operands;HEALTH;38
Operands;HIGHER;6
Operands;HIGHLY;1
Operands;IMPACT;56
Operands;INCOME;1
Operands;INPUTS;1
Operands;INSERT;4
Operands;ISSUED;16
Operands;ISSUES;6
Operands;LARGER;1
Operands;LATTER;1
Operands;LAUNCH;3
Operands;LEVELS;7
Operands;LIABLE;1
Operands;LINKED;4
Operands;LISTED;30
Operands;LONGER;6
Operands;MANAGE;1
Operands;MANNER;16
Operands;MARGIN;1
Operands;MARKET;208
Operands;MATTER;6
Operands;MEDIUM;4
Operands;MEMBER;164
Operands;METHOD;1
Operands;METRIC;61
Operands;MODELS;7
Operands;MONTHS;13
Operands;NATURE;29
Operands;NUMBER;21
Operands;ONLINE;2
Operands;OPTION;16
Operands;OUTPUT;15
Operands;PEOPLE;16
Operands;PERIOD;20
Operands;PLACES;12
Operands;POINTS;8
Operands;POLICY;16
Operands;POWERS;13
Operands;PRICES;1
Operands;PROPER;11
Operands;PUBLIC;86
Operands;RATING;1
Operands;RECENT;2
Operands;REMEDY;7
Operands;REMOTE;35
Operands;RETAIN;1
Operands;RIGHTS;113
Operands;ROBUST;16
Operands;SAFETY;91
Operands;SCHEME;3
Operands;SEARCH;3
Operands;SHARED;1
Operands;SIMPLE;1
Operands;SMOOTH;4
Operands;STATES;102
Operands;STRICT;1
Operands;STRONG;3
Operands;SUPPLY;9
Operands;SYSTEM;380
Operands;TARGET;1
Operands;THREAT;1
Operands;TICKET;1
Operands;UNABLE;3
Operands;UNITED;1
Operands;UPDATE;4
Operands;USEFUL;1
Operands;VALUES;13
Operands;WEIGHT;1
Operands;ADAPT;5
Operands;AGAIN;24
Operands;AGREE;1
Operands;ALTER;2
Operands;APRIL;8
Operands;ARISE;3
Operands;AUDIT;2
Operands;BOARD;42
Operands;BRING;7
Operands;BROAD;2
Operands;BUILT;2
Operands;CARRY;1
Operands;CAUSE;8
Operands;CIVIL;4
Operands;CLEAR;13
Operands;CLOSE;3
Operands;COSTS;15
Operands;COURT;1
Operands;CYCLE;7
Operands;DETER;1
Operands;DRAFT;5
Operands;EARLY;1
Operands;ELECT;2
Operands;ENISA;1
Operands;ENTER;12
Operands;ENTRY;8
Operands;FACTS;2
Operands;FINAL;16
Operands;FINES;17
Operands;FIXED;6
Operands;FOCUS;1
Operands;FOUND;2
Operands;FRAUD;3
Operands;GAINS;2
Operands;GOODS;3
Operands;GROSS;1
Operands;GROUP;8
Operands;GUIDE;1
Operands;HUMAN;49
Operands;INPUT;7
Operands;ISSUE;2
Operands;KNOWN;8
Operands;LARGE;10
Operands;LEADS;3
Operands;LEAVE;1
Operands;LEVEL;45
Operands;LIGHT;19
Operands;LINES;14
Operands;LOCAL;5
Operands;LOGIC;1
Operands;MICRO;3
Operands;MODES;5
Operands;NAMES;1
Operands;OCCUR;9
Operands;OFFER;3
Operands;OFTEN;2
Operands;OWNED;1
Operands;PILOT;3
Operands;PLACE;71
Operands;PLANS;2
Operands;POINT;36
Operands;POSED;12
Operands;POWER;15
Operands;REACH;1
Operands;RIGHT;22
Operands;RISK’;1
Operands;RISKS;64
Operands;SALES;1
Operands;SCALE;25
Operands;SCOPE;26
Operands;SENSE;1
Operands;SHARE;7
Operands;SMALL;17
Operands;SPENT;1
Operands;SPLIT;1
Operands;STAFF;14
Operands;STAGE;3
Operands;STAKE;7
Operands;START;2
Operands;STATE;75
Operands;STEPS;2
Operands;STUDY;1
Operands;TABLE;1
Operands;TEAMS;3
Operands;TERMS;7
Operands;THIRD;28
Operands;TIMES;1
Operands;TITLE;100
Operands;TRADE;13
Operands;TRUST;41
Operands;TYPES;4
Operands;UNDUE;1
Operands;UNITS;7
Operands;USERS;52
Operands;VALID;23
Operands;VALUE;17
Operands;YEARS;19
Operands;ABLE;80
Operands;ACTS;62
Operands;ANTE;12
Operands;AREA;7
Operands;ATHE;2
Operands;BEAR;5
Operands;BEST;3
Operands;BODY;56
Operands;CALL;20
Operands;CARE;5
Operands;CODE;23
Operands;COST;14
Operands;DATA;226
Operands;DATE;26
Operands;DAYS;3
Operands;DRAW;21
Operands;DULY;7
Operands;EARN;7
Operands;ETHE;30
Operands;EURO;2
Operands;FACE;3
Operands;FACT;3
Operands;FAIL;4
Operands;FAIR;5
Operands;FEES;4
Operands;FIND;4
Operands;FIVE;5
Operands;FREE;21
Operands;FTHE;3
Operands;FULL;13
Operands;FUND;4
Operands;GAIN;2
Operands;GOOD;5
Operands;HELD;1
Operands;HELP;1
Operands;HIGH;37
Operands;HOME;2
Operands;JULY;5
Operands;JUNE;11
Operands;JUST;26
Operands;KEEP;10
Operands;LATE;44
Operands;LEAD;17
Operands;LINE;19
Operands;LIST;24
Operands;LONG;3
Operands;MAIN;4
Operands;MARK;20
Operands;MOVE;1
Operands;NAME;6
Operands;ONES;4
Operands;OPEN;54
Operands;PLAN;17
Operands;POSE;14
Operands;RATE;1
Operands;REAL;27
Operands;REST;4
Operands;RICH;1
Operands;RISE;4
Operands;RISK;49
Operands;ROLE;3
Operands;SAFE;17
Operands;SALE;1
Operands;SITE;3
Operands;SIZE;9
Operands;STEP;1
Operands;TERM;5
Operands;TFEU;16
Operands;TIME;54
Operands;TURN;2
Operands;TYPE;7
Operands;UNIT;2
Operands;USED;98
Operands;USES;8
Operands;VARY;2
Operands;VERY;7
Operands;VEST;8
Operands;VICE;14
Operands;VISA;5
Operands;WAYS;1
Operands;WELL;6
Operands;WIDE;11
Operands;YEAR;53
Operands;ACT;89
Operands;AGE;32
Operands;AIM;17
Operands;BOX;38
Operands;CIT;16
Operands;COM;92
Operands;CUT;19
Operands;DAY;3
Operands;DUE;6
Operands;EBA;1
Operands;ECB;1
Operands;EEA;3
Operands;END;68
Operands;ETR;4
Operands;EUR;127
Operands;FAR;12
Operands;FEE;3
Operands;FIT;5
Operands;FTE;7
Operands;HUB;2
Operands;ICT;17
Operands;INT;203
Operands;KEY;12
Operands;LAW;114
Operands;LED;18
Operands;LOW;8
Operands;MAR;9
Operands;MET;9
Operands;NEW;40
Operands;NFE;1
Operands;NIS;47
Operands;NOW;3
Operands;OWN;60
Operands;PAY;7
Operands;PUT;81
Operands;SCO;1
Operands;TAX;1
Operands;USE;199
Operands;USS;2
Operands;VAR;2
Operands;WAY;20
Operands;AC;194
Operands;DG;17
Operands;EC;247
Operands;EU;237
Operands;IP;40
Operands;NA;174
Operands;OJ;44
Operands;PO;44
Operands;UN;417
Operands;US;65
Operands;VI;173
Operands;XX;24
